{
    "texture0": {
        "model": [
            1.5, 0.0, 0.0, 0.0,
            0.0, 1.5, 0.0, 0.0,
            0.0, 0.0, 1.0, 0.0,
            0.0, 0.0, 0.0, 1.0
        ],
        "view": [
            1.0, 0.0, 0.0, 0.0,
            0.0, 1.0, 0.0, 0.0,
            0.0, 0.0, 1.0, -0.8690021634101868,
            0.0, 0.0, 0.0, 1.0
        ],
        "warp": [
            1.0, 0.0, 0.0,
            0.0, 1.0, 0.0,
            0.0, 0.0, 1.0
        ]
    },
    "texture1": {
        "model": [
            -1.5, 0.0, 0.0, 0.0,
            0.0, 1.5, 0.0, 0.0,
            0.0, 0.0, 1.0, 0.0,
            0.0, 0.0, 0.0, 1.0
        ],
        "view": [
            1.0, 0.0, 0.0, -0.9589948058128357,
            0.0, 1.0, 0.0, 0.0,
            0.0, 0.0, 1.0, -0.8669975996017456,
            0.0, 0.0, 0.0, 1.0
        ],
        "warp": [
            1.0, 0.0, 0.0,
            0.0, 1.0, 0.0,
            0.0, 0.0, 1.0
        ]
    },
    "texture2": {
        "model": [
            1.5, 0.0, 0.0, 0.0,
            0.0, 1.5, 0.0, 0.0,
            0.0, 0.0, 1.0, 0.0,
            0.0, 0.0, 0.0, 1.0
        ],
        "view": [
            1.0, 0.0, 0.0, 0.9559956192970276,
            0.0, 1.0, 0.0, 0.003000000026077032,
            0.0, 0.0, 1.0, -0.8619995713233948,
            0.0, 0.0, 0.0, 1.0
        ],
        "warp": [
            1.0, 0.0, 0.0,
            0.0, 1.0, 0.0,
            0.0, 0.0, 1.0
        ]
    }
}
